,last_scraped,name,host_name,host_since,host_response_time,host_response_rate,host_acceptance_rate,host_is_superhost,host_identity_verified,neighbourhood,property_type,room_type,amenities,has_availability,first_review,last_review,license,instant_bookable,id,scrape_id,host_id,host_listings_count,host_total_listings_count,latitude,longitude,accommodates,bathrooms,bedrooms,beds,price,minimum_nights,maximum_nights,minimum_nights_avg_ntm,maximum_nights_avg_ntm,calendar_updated,availability_30,availability_90,availability_365,number_of_reviews,review_scores_rating,review_scores_accuracy,review_scores_cleanliness,review_scores_checkin,review_scores_communication,review_scores_location,review_scores_value,calculated_host_listings_count,calculated_host_listings_count_entire_homes,calculated_host_listings_count_private_rooms,calculated_host_listings_count_shared_rooms
371,2024-09-06,Business & Leisure: Stylish Rooms w/ Full Kitchen,RoomPicks,2022-10-21,within an hour,94%,84%,f,t,"Amsterdam, Noord-Holland, Netherlands",Room in hotel,Hotel room,"[""Dishes and silverware"", ""Paid parking on premises"", ""Washer"", ""Dedicated workspace"", ""Pets allowed"", ""Coffee maker"", ""Cooking basics"", ""Carbon monoxide alarm"", ""Hot water"", ""Smoke alarm"", ""Stove"", ""Iron"", ""Building staff"", ""Microwave"", ""Refrigerator"", ""Extra pillows and blankets"", ""Gym"", ""Oven"", ""Luggage dropoff allowed"", ""Hair dryer"", ""Self check-in"", ""Wifi"", ""Dryer"", ""Dishwasher"", ""Air conditioning"", ""Hangers"", ""Essentials"", ""Heating"", ""TV"", ""First aid kit"", ""Shampoo"", ""Fire extinguisher"", ""Kitchen"", ""Bed linens""]",t,00/00/00,00/00/00,Exempt,t,1147087299383974750,20240905174946,75942371.7,1.0,1.4,52.33644,4.86747,2.0,1.0,1.0,1.0,289.6,1.0,135.4,1.1,783.6,65.0,16.0,75,344,0.0,4.8,4.9,4.8,4.9,4.9,4.8,4.7,1.0,1.0,0.0,0.0
427,2024-09-06,Discover Local Brews: Stay Comfortably in Style,RoomPicks,2022-10-21,within an hour,94%,84%,f,t,"Amsterdam, Noord-Holland, Netherlands",Room in hotel,Hotel room,"[""Dishes and silverware"", ""Paid parking on premises"", ""Washer"", ""Dedicated workspace"", ""Coffee maker"", ""Cooking basics"", ""Carbon monoxide alarm"", ""Hot water"", ""Smoke alarm"", ""Stove"", ""Iron"", ""Building staff"", ""Microwave"", ""Refrigerator"", ""Extra pillows and blankets"", ""Gym"", ""Oven"", ""Luggage dropoff allowed"", ""Hair dryer"", ""Self check-in"", ""Wifi"", ""Dryer"", ""Dishwasher"", ""Air conditioning"", ""Hangers"", ""Essentials"", ""Heating"", ""TV"", ""First aid kit"", ""Shampoo"", ""Fire extinguisher"", ""Kitchen"", ""Bed linens""]",t,2024-08-17,2024-08-17,Exempt,t,949152686389295269,20240905174946,75942371.7,1.0,1.4,52.33637253099633,4.867692986552844,2.0,1.0,1.0,1.0,289.6,1.0,135.4,1.1,889.8,65.0,6.0,45,315,1.0,5.0,5.0,5.0,5.0,5.0,5.0,5.0,1.0,1.0,0.0,0.0
670,2024-09-06,TWO-ONE-TWO Luxury B&B Museum Quarter Amsterdam,Ard,2019-03-03,within a few hours,100%,100%,t,t,"Amsterdam, Noord-Holland, Netherlands",Room in bed and breakfast,Hotel room,"[""Dishes and silverware"", ""Paid parking on premises"", ""Washer"", ""Fast wifi \u2013 532 Mbps"", ""Dedicated workspace"", ""Coffee maker"", ""Cooking basics"", ""Carbon monoxide alarm"", ""Hot water"", ""Smoke alarm"", ""Stove"", ""Iron"", ""Building staff"", ""Microwave"", ""Refrigerator"", ""Oven"", ""Hair dryer"", ""Indoor fireplace"", ""Self check-in"", ""Dryer"", ""Dishwasher"", ""Air conditioning"", ""Hangers"", ""Essentials"", ""Heating"", ""First aid kit"", ""Shampoo"", ""Fire extinguisher"", ""Kitchen""]",t,2019-04-14,2024-05-19,0363 64DF E166 3766 3BDC,t,32780893,20240905174946,246569156.0,1.0,1.0,52.35396,4.86537,3.0,1.0,1.0,1.3,233.0,4.0,135.4,4.0,1125.0,65.0,3.0,23,98,63.0,4.9,4.97,4.98,4.9,5.0,4.87,4.79,1.0,1.0,0.0,0.0
764,2024-09-06,Standard Single · Modern downtown design room,The Social Hub,2023-03-02,undefined time,0%,100%,f,t,undefined,Room in boutique hotel,Hotel room,"[""Paid parking on premises"", ""Gym"", ""Essentials"", ""Luggage dropoff allowed"", ""Elevator"", ""First aid kit"", ""Fire extinguisher"", ""Extra pillows and blankets"", ""Bed linens"", ""Hot water""]",t,2019-08-14,2024-02-24,Exempt,t,36863216,20240905174946,75942371.7,1.0,1.4,52.3536,4.91438,1.0,1.0,1.0,1.0,148.0,1.0,135.4,1.0,999.0,65.0,10.0,48,290,36.0,4.75,4.58,4.56,4.9,5.0,4.58,4.44,1.0,1.0,0.0,0.0
1158,2024-09-06,Generator -  Deluxe King,Generator,2019-03-27,within an hour,98%,99%,f,t,"Amsterdam, Noord-Holland, Netherlands",Room in hostel,Hotel room,"[""Air conditioning"", ""Waterfront"", ""Smoke alarm"", ""Paid parking on premises"", ""Essentials"", ""Carbon monoxide alarm"", ""Washer"", ""Heating"", ""Pets allowed"", ""Luggage dropoff allowed"", ""Hair dryer"", ""Exterior security cameras on property"", ""Elevator"", ""Room-darkening shades"", ""Shampoo"", ""Wifi"", ""Dryer"", ""Hot water""]",t,2019-07-17,2024-08-09,Exempt,t,35854442,20240905174946,251479377.0,1.0,1.4,52.36044,4.91999,2.0,1.0,1.0,1.0,182.0,1.0,135.4,1.0,28.0,65.0,2.6,78,353,13.4,4.9,4.9,4.37,4.9,5.0,4.62,4.7,1.0,1.0,0.0,0.0
1175,2024-09-06,Barok room private bathroom,C.T.,2013-02-18,within an hour,100%,100%,f,t,"Amsterdam-Zuidoost, North Holland, Netherlands",Room in bed and breakfast,Hotel room,"[""Dishes and silverware"", ""Toaster"", ""Shower gel"", ""Coffee"", ""Portable fans"", ""Coffee maker"", ""Patio or balcony"", ""Outdoor furniture"", ""Cooking basics"", ""Hot water"", ""Waterfront"", ""Smoke alarm"", ""Stove"", ""Clothing storage: closet"", ""Microwave"", ""Refrigerator"", ""Wine glasses"", ""Lake access"", ""Free parking on premises"", ""Luggage dropoff allowed"", ""Hair dryer"", ""Keypad"", ""Self check-in"", ""Wifi"", ""Mosquito net"", ""Hot water kettle"", ""Hangers"", ""Dining table"", ""Essentials"", ""Backyard"", ""Breakfast"", ""Free street parking"", ""Heating"", ""Long term stays allowed"", ""Laundromat nearby"", ""First aid kit"", ""Shampoo"", ""Fire extinguisher"", ""Bed linens""]",t,2014-05-05,2024-08-16,Exempt,t,2639206,20240905174946,5137582.0,1.0,1.4,52.4,4.9,2.0,1.0,1.0,1.0,127.0,1.0,135.4,1.0,1125.0,65.0,2.6,79,354,13.4,4.68,4.72,4.68,4.9,5.0,4.43,4.54,1.0,1.0,0.0,0.0
1176,2024-09-06,Authentic Suite with Canal View in Heart of City,Joost,2019-01-21,within an hour,100%,100%,t,t,"Amsterdam, Noord-Holland, Netherlands",Room in bed and breakfast,Hotel room,"[""Dishes and silverware"", ""Portable air conditioning"", ""Smoke alarm"", ""Smart lock"", ""Essentials"", ""Iron"", ""Heating"", ""Coffee maker"", ""Hair dryer"", ""Refrigerator"", ""Self check-in"", ""HDTV with Netflix, standard cable"", ""Shampoo"", ""Wifi"", ""Fire extinguisher"", ""Bed linens""]",t,2019-09-29,2023-12-13,0363 0DFB 89DF F96B 201A,t,36609293,20240905174946,238122037.0,1.0,1.4,52.36903,4.88714,2.0,1.0,1.0,1.0,289.6,3.0,135.4,2.8,1125.0,65.0,0.0,0,0,13.4,4.91,4.92,4.95,4.96,4.92,4.99,4.76,1.0,1.0,0.0,0.0
1524,2024-09-05,"A-location, ensuite bathroom, centre - Milkmaid -",Matthijs,2012-08-16,within an hour,100%,100%,t,t,"Amsterdam, North Holland, Netherlands",Room in bed and breakfast,Hotel room,"[""Dishes and silverware"", ""Shower gel"", ""Coffee"", ""Body soap"", ""Central heating"", ""Portable fans"", ""Dedicated workspace"", ""Coffee maker"", ""Exterior security cameras on property"", ""Paid parking off premises"", ""Carbon monoxide alarm"", ""First aid kit"", ""Hot water"", ""Smoke alarm"", ""Iron"", ""Clothing storage: closet"", ""Mini fridge"", ""Free dryer \u2013 In building"", ""Refrigerator"", ""Wine glasses"", ""Extra pillows and blankets"", ""Free washer \u2013 In building"", ""Portable air conditioning"", ""Host greets you"", ""Luggage dropoff allowed"", ""Hair dryer"", ""Bikes"", ""Conditioner"", ""Cleaning available during stay"", ""Mosquito net"", ""Hot water kettle"", ""Hangers"", ""Breakfast"", ""Essentials"", ""Books and reading material"", ""Long term stays allowed"", ""Laundromat nearby"", ""Room-darkening shades"", ""Shampoo"", ""Fire extinguisher"", ""Wifi \u2013 33 Mbps"", ""Bed linens""]",t,2012-09-14,2024-09-02,0363 4587 2DC3 051C 3FCA,t,654931,20240905174946,3278419.0,1.0,3.0,52.37167,4.8948,2.0,1.0,1.0,1.0,163.0,1.0,135.4,2.0,1125.0,65.0,1.0,27,200,13.4,4.88,4.86,4.91,4.95,4.96,4.94,4.81,1.0,1.0,0.0,0.0
1552,2024-09-05,Bed in 6 Bed Dorm,Luke,2019-01-17,within an hour,100%,100%,f,f,undefined,Room in hostel,Hotel room,"[""Smoke alarm"", ""Smoking allowed"", ""Iron"", ""Oven"", ""Luggage dropoff allowed"", ""Hair dryer"", ""Microwave"", ""Cooking basics"", ""First aid kit"", ""Wifi"", ""Fire extinguisher"", ""Kitchen"", ""Bed linens"", ""Hot water""]",t,2019-07-04,2020-01-18,Exempt,t,31945078,20240905174946,237150727.0,1.0,1.4,52.36032,4.8784,1.0,1.0,1.0,1.0,251.2,1.0,135.4,1.3,7.0,65.0,0.0,1,1,37.0,4.9,4.62,4.3,4.9,4.78,4.62,4.49,1.0,1.0,0.0,0.0
1672,2024-09-05,SWEETS hotel Kinkerbrug,Sweets,2018-07-20,within an hour,98%,99%,f,f,"Amsterdam, Noord-Holland, Netherlands",Room in serviced apartment,Hotel room,"[""Dishes and silverware"", ""Shower gel"", ""Coffee"", ""Paid parking off premises"", ""Hot water"", ""Waterfront"", ""Smoke alarm"", ""Smart lock"", ""Refrigerator"", ""Resort access"", ""Single level home"", ""Hair dryer"", ""Self check-in"", ""Wifi"", ""Air conditioning"", ""Hangers"", ""Essentials"", ""Heating"", ""First aid kit"", ""Shampoo"", ""Bed linens""]",t,2018-10-14,2024-07-16,Exempt,t,27712060,20240905174946,203731852.0,1.0,1.4,52.36464,4.86025,2.0,1.0,1.0,1.0,159.0,1.0,135.4,1.2,7.0,65.0,2.0,32,262,57.0,4.88,4.82,4.81,4.88,4.77,4.68,4.54,1.0,1.0,0.0,0.0
1698,2024-09-06,ClinkNoord - Private quadruple en-suite room,ClinkNOORD,2019-02-25,undefined time,0%,99%,f,f,"Amsterdam, Noord-Holland, Netherlands",Room in hostel,Hotel room,"[""Outlet covers"", ""Hangers"", ""Smoke alarm"", ""Smart lock"", ""Washer"", ""Heating"", ""Self check-in"", ""Carbon monoxide alarm"", ""Wifi""]",f,2019-05-25,2024-06-13,Exempt,f,32624969,20240905174946,245267147.0,1.0,1.4,52.38483,4.90477,4.0,1.0,1.0,1.0,289.6,1.0,6.0,1.2,14.0,65.0,0.0,0,0,13.4,4.9,4.68,4.39,4.9,5.0,4.67,4.23,1.0,1.0,0.0,0.0
2445,2024-09-06,RoomWest Cosy with ensuite bathroom,RoomWest,2019-08-01,within an hour,100%,98%,f,t,"Amsterdam, Noord-Holland, Netherlands",Room in bed and breakfast,Hotel room,"[""Shower gel"", ""Hangers"", ""Smoke alarm"", ""Essentials"", ""Smart lock"", ""Body soap"", ""Heating"", ""TV"", ""Dedicated workspace"", ""Hair dryer"", ""Exterior security cameras on property"", ""Refrigerator"", ""Self check-in"", ""Carbon monoxide alarm"", ""Shampoo"", ""Wifi"", ""Bed linens"", ""Hot water""]",t,2019-08-08,2024-08-11,0363 3C78 0B3D BA3E 35B7,f,37344101,20240905174946,281337057.0,1.0,2.0,52.37173,4.87239,2.0,1.0,1.0,1.0,148.0,2.0,28.0,2.2,28.0,65.0,13.0,61,79,13.4,4.7,4.85,4.77,4.9,4.98,4.8,4.5,1.0,1.0,0.0,0.0
2457,2024-09-06,Deluxe Studio with Private Kitchen,The Social Hub,2023-03-02,undefined time,0%,100%,f,t,undefined,Room in boutique hotel,Hotel room,"[""Washer"", ""TV with standard cable"", ""Hot water"", ""Smoke alarm"", ""Ethernet connection"", ""Building staff"", ""Free parking on premises"", ""Bathtub"", ""Extra pillows and blankets"", ""Gym"", ""Luggage dropoff allowed"", ""Elevator"", ""Self check-in"", ""Wifi"", ""Dryer"", ""Air conditioning"", ""Essentials"", ""Heating"", ""First aid kit"", ""Fire extinguisher"", ""Bed linens""]",t,2020-01-04,2020-01-04,Exempt,t,38169856,20240905174946,75942371.7,1.0,1.4,52.35428,4.9144,1.0,1.0,1.0,1.0,289.6,1.0,135.4,1.0,999.0,65.0,0.0,0,0,1.0,4.9,4.9,4.8,5.0,5.0,5.0,4.7,1.0,1.0,0.0,0.0
2539,2024-09-06,Bed in 4 Bed Dorm Ensuite,Luke,2019-01-17,undefined time,0%,0%,f,f,undefined,Room in hostel,Hotel room,"[""Smoke alarm"", ""Smoking allowed"", ""Essentials"", ""Stove"", ""Oven"", ""Luggage dropoff allowed"", ""Hair dryer"", ""Elevator"", ""Microwave"", ""Refrigerator"", ""Cooking basics"", ""First aid kit"", ""Wifi"", ""Fire extinguisher"", ""Kitchen"", ""Bed linens"", ""Hot water""]",t,2019-07-13,2020-08-15,Exempt,t,31944927,20240905174946,237150404.0,1.0,2.0,52.37674,4.89624,1.0,1.0,1.0,1.0,289.6,1.0,135.4,1.4,7.0,65.0,0.0,0,0,22.0,4.55,4.64,4.55,4.9,5.0,4.86,4.32,1.0,1.0,0.0,0.0
2837,2024-09-06,Bed in 8 Bed Dorm,Luke,2019-01-17,within an hour,100%,100%,f,f,undefined,Room in hostel,Hotel room,"[""Smoke alarm"", ""Iron"", ""Heating"", ""Hair dryer"", ""First aid kit"", ""Wifi"", ""Fire extinguisher"", ""Kitchen"", ""Hot water""]",t,2020-08-24,2023-11-01,Exempt,t,45072261,20240905174946,237150727.0,1.0,1.4,52.360321,4.878403,1.0,1.0,1.0,1.0,289.6,1.0,365.0,1.4,7.0,65.0,0.0,0,0,33.0,4.76,4.76,4.7,4.94,4.94,4.97,4.73,1.0,1.0,0.0,0.0
2992,2024-09-06,Deluxe Double,Heye 130,2019-02-22,undefined time,0%,100%,f,f,"Amsterdam, Noord-Holland, Netherlands",Room in boutique hotel,Hotel room,"[""Coffee maker"", ""TV with standard cable"", ""Baby bath"", ""Hot water"", ""Smoke alarm"", ""AC - split type ductless system"", ""Building staff"", ""Luggage dropoff allowed"", ""Hair dryer"", ""Elevator"", ""Self check-in"", ""Wifi"", ""Hangers"", ""Essentials"", ""Heating"", ""First aid kit"", ""Fire extinguisher"", ""High chair"", ""Bed linens""]",f,2019-08-13,2024-01-05,Exempt,f,34032786,20240905174946,244695471.0,1.0,1.4,52.36189,4.86455,2.0,1.0,1.0,1.0,289.6,1.0,135.4,1.0,99.0,65.0,0.0,0,0,39.0,4.72,4.77,4.82,4.87,4.85,4.82,4.67,1.0,1.0,0.0,0.0
3023,2024-09-06,ClinkNoord - Private single en-suite room,ClinkNOORD,2019-02-25,undefined time,0%,99%,f,f,"Amsterdam, Noord-Holland, Netherlands",Room in hostel,Hotel room,"[""Outlet covers"", ""Smoke alarm"", ""Heating"", ""Building staff"", ""Self check-in"", ""Carbon monoxide alarm"", ""Wifi"", ""Kitchen""]",f,2019-06-01,2024-03-23,Exempt,f,32624963,20240905174946,245267147.0,1.0,1.4,52.38323,4.90427,1.0,1.0,1.0,1.0,289.6,1.0,6.0,1.0,14.0,65.0,0.0,0,0,13.4,4.64,4.73,4.57,4.71,5.0,4.82,4.36,1.0,1.0,0.0,0.0
3025,2024-09-06,ClinkNoord - Twin Private Room En-suite,ClinkNOORD,2019-02-25,undefined time,0%,99%,f,f,"Amsterdam, Noord-Holland, Netherlands",Room in hostel,Hotel room,"[""Outlet covers"", ""Hangers"", ""Smoke alarm"", ""Essentials"", ""Smart lock"", ""Heating"", ""Self check-in"", ""Carbon monoxide alarm"", ""Wifi"", ""Fire extinguisher"", ""Kitchen"", ""Hot water""]",f,2019-11-01,2023-12-15,Exempt,f,32624966,20240905174946,245267147.0,1.0,1.4,52.38322,4.90275,2.0,1.0,1.0,1.0,289.6,1.0,6.0,1.0,14.0,65.0,0.0,0,0,28.0,4.9,4.71,4.46,4.9,5.0,4.89,4.18,1.0,1.0,0.0,0.0
3049,2024-09-06,ClinkNoord - Private Double En-Suite Room,ClinkNOORD,2019-02-25,undefined time,0%,99%,f,f,"Amsterdam, Noord-Holland, Netherlands",Room in hostel,Hotel room,"[""Outlet covers"", ""Smoke alarm"", ""Smart lock"", ""Heating"", ""Self check-in"", ""Carbon monoxide alarm"", ""Wifi"", ""Kitchen""]",f,2019-05-20,2023-12-08,Exempt,f,32624973,20240905174946,245267147.0,1.0,1.4,52.38516,4.90316,2.0,1.0,1.0,1.0,289.6,1.0,135.4,1.0,14.0,65.0,0.0,0,0,13.4,4.9,4.9,4.44,4.9,5.0,4.74,4.7,1.0,1.0,0.0,0.0
3081,2024-09-06,Off-the-wall downtown design suite,The Social Hub,2023-03-02,undefined time,0%,100%,f,t,"Amsterdam, Noord-Holland, Netherlands",Room in boutique hotel,Hotel room,"[""Paid parking on premises"", ""Washer"", ""Coffee maker"", ""TV with standard cable"", ""Hot water"", ""Smoke alarm"", ""Stove"", ""Ethernet connection"", ""Building staff"", ""Microwave"", ""Refrigerator"", ""Extra pillows and blankets"", ""Gym"", ""Luggage dropoff allowed"", ""Hair dryer"", ""Elevator"", ""Self check-in"", ""Wifi"", ""Dryer"", ""Dishwasher"", ""Air conditioning"", ""Essentials"", ""Heating"", ""First aid kit"", ""Shampoo"", ""Fire extinguisher"", ""Kitchen"", ""Bed linens""]",t,2021-05-30,2024-08-13,Exempt,t,35394328,20240905174946,75942371.7,1.0,1.4,52.35366,4.91213,6.0,1.0,2.0,1.0,289.6,1.0,135.4,1.0,999.0,65.0,2.6,61,292,7.0,4.86,4.57,4.43,4.86,5.0,4.86,4.57,1.0,1.0,0.0,0.0
3253,2024-09-06,Family Room,Heye 130,2019-02-22,undefined time,0%,100%,f,f,"Amsterdam, Netherlands",Room in boutique hotel,Hotel room,"[""Smoke alarm"", ""Hangers"", ""Essentials"", ""Heating"", ""Hair dryer"", ""Elevator"", ""Wifi"", ""TV with standard cable"", ""Hot water""]",f,2019-11-01,2024-01-07,Exempt,f,33439715,20240905174946,244695471.0,1.0,1.4,52.36226,4.86405,4.0,1.0,1.0,1.0,289.6,1.0,135.4,1.0,99.0,65.0,0.0,0,0,13.4,4.71,4.72,4.77,4.85,4.8,4.74,4.57,1.0,1.0,0.0,0.0
3259,2024-09-06,City Centre Monument Boutique Room 1st floor,Mark,2015-11-15,within an hour,100%,100%,f,t,"Amsterdam, Noord-Holland, Netherlands",Room in bed and breakfast,Hotel room,"[""Air conditioning"", ""Smoke alarm"", ""Hangers"", ""Essentials"", ""Iron"", ""Heating"", ""TV"", ""Coffee maker"", ""Hair dryer"", ""Long term stays allowed"", ""Keypad"", ""Refrigerator"", ""Self check-in"", ""Carbon monoxide alarm"", ""Shampoo"", ""Wifi"", ""Hot water""]",t,2019-01-02,2023-09-14,0363 E7C1 8B40 218F 6D19,f,30905979,20240905174946,49078267.0,1.0,2.0,52.37372,4.88074,2.0,1.0,1.0,1.0,289.6,2.0,135.4,1.6,1125.0,65.0,0.0,0,0,73.0,4.99,4.97,5.0,5.0,4.99,4.99,4.88,1.0,1.0,0.0,0.0
3319,2024-09-06,Bed in 6 Bed Dorm Ensuite,Luke,2019-01-17,undefined time,0%,0%,f,f,undefined,Room in hostel,Hotel room,"[""Smoke alarm"", ""Smoking allowed"", ""Essentials"", ""Stove"", ""Oven"", ""Luggage dropoff allowed"", ""Hair dryer"", ""Elevator"", ""Microwave"", ""Refrigerator"", ""Cooking basics"", ""First aid kit"", ""Wifi"", ""Fire extinguisher"", ""Kitchen"", ""Bed linens"", ""Hot water""]",t,2019-07-29,2021-06-17,Exempt,t,31945032,20240905174946,237150404.0,1.0,2.0,52.37674,4.89624,1.0,1.0,1.0,1.0,289.6,1.0,135.4,1.4,7.0,65.0,0.0,0,0,32.0,4.56,4.72,4.41,4.78,5.0,4.81,4.38,1.0,1.0,0.0,0.0
3328,2024-09-06,Bed in 10 Bed Dorm,Luke,2019-01-17,within an hour,100%,100%,f,f,undefined,Room in hostel,Hotel room,"[""Smoke alarm"", ""Smoking allowed"", ""Iron"", ""Oven"", ""Luggage dropoff allowed"", ""Hair dryer"", ""Microwave"", ""Cooking basics"", ""First aid kit"", ""Wifi"", ""Fire extinguisher"", ""Kitchen"", ""Bed linens"", ""Hot water""]",t,2019-07-02,2020-03-04,Exempt,t,31945057,20240905174946,237150727.0,1.0,1.4,52.36032,4.8784,1.0,1.0,1.0,1.0,289.6,1.0,135.4,1.4,7.0,65.0,0.0,0,0,13.4,4.62,4.76,4.56,4.79,4.85,4.78,4.64,1.0,1.0,0.0,0.0
3456,2024-09-06,Medium Double Room | Max Brown Canal District,Sircle,2020-10-23,undefined time,0%,100%,f,t,"Amsterdam, Noord-Holland, Netherlands",Room in boutique hotel,Hotel room,"[""Shower gel"", ""Record player"", ""Body soap"", ""Dedicated workspace"", ""Pets allowed"", ""Carbon monoxide alarm"", ""First aid kit"", ""TV with standard cable"", ""Hot water"", ""Smoke alarm"", ""Iron"", ""Sound system"", ""Cleaning products"", ""Ethernet connection"", ""Building staff"", ""Clothing storage"", ""Crib"", ""Extra pillows and blankets"", ""Coffee maker: Nespresso"", ""Safe"", ""Luggage dropoff allowed"", ""Hair dryer"", ""Self check-in"", ""Conditioner"", ""Wifi"", ""Air conditioning"", ""Hangers"", ""Essentials"", ""Heating"", ""Pack \u2019n play/Travel crib"", ""Long term stays allowed"", ""Room-darkening shades"", ""Shampoo"", ""Fire extinguisher"", ""High chair"", ""Bed linens""]",t,00/00/00,00/00/00,Exempt,t,48127732,20240905174946,373013820.0,1.0,1.4,52.37888,4.89217,2.0,1.0,1.0,1.0,289.6,1.0,365.0,1.0,1125.0,65.0,0.0,0,142,0.0,4.8,4.9,4.8,4.9,4.9,4.8,4.7,1.0,1.0,0.0,0.0
4108,2024-09-05,Davids B&B — Cannabis Friendly in top location,Davide,2014-02-18,within an hour,100%,99%,f,t,"Amsterdam, Noord-Holland, Netherlands",Room in bed and breakfast,Hotel room,"[""Dishes and silverware"", ""Toaster"", ""Shower gel"", ""Coffee"", ""Children\u2019s books and toys for ages 2-5 years old"", ""Smoking allowed"", ""Body soap"", ""Central heating"", ""Portable fans"", ""Dedicated workspace"", ""Private patio or balcony"", ""Coffee maker: drip coffee maker, pour-over coffee"", ""Paid dryer \u2013 In building"", ""Hot water"", ""Smoke alarm"", ""Iron"", ""Cleaning products"", ""Sony Bluetooth sound system"", ""Mini fridge"", ""Clothing storage"", ""Refrigerator"", ""Fast wifi \u2013 371 Mbps"", ""42 inch TV with premium cable, standard cable, DVD player"", ""Wine glasses"", ""Extra pillows and blankets"", ""Kayak"", ""Portable air conditioning"", ""Host greets you"", ""Paid street parking off premises"", ""Luggage dropoff allowed"", ""Paid washer \u2013 In building"", ""Hair dryer"", ""Dishwasher"", ""Hot water kettle"", ""Hangers"", ""Dining table"", ""Essentials"", ""Books and reading material"", ""Housekeeping available every day - available at extra cost"", ""Board games"", ""Fire pit"", ""Long term stays allowed"", ""Freezer"", ""Laundromat nearby"", ""First aid kit"", ""Shampoo"", ""Fire extinguisher"", ""Bed linens""]",t,2018-05-21,2024-08-26,0363 03D7 CF98 A7B3 9AE7,f,20101951,20240905174946,12349019.0,1.0,1.0,52.3691,4.89036,4.0,1.0,2.0,1.3,214.0,3.0,135.4,2.8,1125.0,65.0,6.0,38,283,13.4,4.86,4.81,4.82,4.97,4.97,4.99,4.6,1.0,1.0,0.0,0.0
4169,2024-09-06,"Centrally Located! Full Kitchen, Near Vondelpark!",RoomPicks,2022-10-21,within an hour,94%,84%,f,t,"Amsterdam, Noord-Holland, Netherlands",Room in hotel,Hotel room,"[""Dishes and silverware"", ""Paid parking on premises"", ""Washer"", ""Dedicated workspace"", ""Coffee maker"", ""Cooking basics"", ""Carbon monoxide alarm"", ""Hot water"", ""Smoke alarm"", ""Stove"", ""Iron"", ""Building staff"", ""Microwave"", ""Refrigerator"", ""Extra pillows and blankets"", ""Gym"", ""Oven"", ""Luggage dropoff allowed"", ""Hair dryer"", ""Self check-in"", ""Wifi"", ""Dryer"", ""Dishwasher"", ""Air conditioning"", ""Hangers"", ""Essentials"", ""Heating"", ""TV"", ""First aid kit"", ""Shampoo"", ""Fire extinguisher"", ""Kitchen"", ""Bed linens""]",t,2024-07-06,2024-08-16,Exempt,t,949152548491765999,20240905174946,75942371.7,1.0,1.4,52.33786,4.86892,2.0,1.0,1.0,1.0,289.6,1.0,135.4,1.1,889.8,65.0,6.0,45,315,3.0,5.0,4.67,4.67,4.9,5.0,4.67,4.33,1.0,1.0,0.0,0.0
4170,2024-09-06,Elegant Lofts: Perfect Blend of Style & Comfort,RoomPicks,2022-10-21,within an hour,94%,84%,f,t,"Amsterdam, Noord-Holland, Netherlands",Room in hotel,Hotel room,"[""Dishes and silverware"", ""Paid parking on premises"", ""Washer"", ""Dedicated workspace"", ""Coffee maker"", ""Cooking basics"", ""Carbon monoxide alarm"", ""Hot water"", ""Smoke alarm"", ""Stove"", ""Iron"", ""Building staff"", ""Microwave"", ""Refrigerator"", ""Extra pillows and blankets"", ""Gym"", ""Oven"", ""Luggage dropoff allowed"", ""Hair dryer"", ""Self check-in"", ""Wifi"", ""Dryer"", ""Dishwasher"", ""Air conditioning"", ""Hangers"", ""Essentials"", ""Heating"", ""TV"", ""First aid kit"", ""Shampoo"", ""Fire extinguisher"", ""Kitchen"", ""Bed linens""]",t,2024-08-04,2024-08-04,Exempt,t,949165654700072626,20240905174946,75942371.7,1.0,1.4,52.33822957542801,4.8691121281263126,2.0,1.0,1.0,1.0,289.6,1.0,135.4,1.1,889.8,65.0,6.0,45,315,2.0,4.9,4.9,4.8,5.0,5.0,4.5,4.7,1.0,1.0,0.0,0.0
4178,2024-09-06,City Break in Amsterdam! Large Suite w/ Kitchen,RoomPicks,2022-10-21,within an hour,94%,84%,f,t,"Amsterdam, Noord-Holland, Netherlands",Room in hotel,Hotel room,"[""Dishes and silverware"", ""Paid parking on premises"", ""Washer"", ""Dedicated workspace"", ""Coffee maker"", ""Cooking basics"", ""Carbon monoxide alarm"", ""Hot water"", ""Smoke alarm"", ""Stove"", ""Iron"", ""Building staff"", ""Microwave"", ""Refrigerator"", ""Extra pillows and blankets"", ""Gym"", ""Oven"", ""Luggage dropoff allowed"", ""Hair dryer"", ""Self check-in"", ""Wifi"", ""Dryer"", ""Dishwasher"", ""Air conditioning"", ""Hangers"", ""Essentials"", ""Heating"", ""TV"", ""First aid kit"", ""Shampoo"", ""Fire extinguisher"", ""Kitchen"", ""Bed linens""]",t,2024-03-23,2024-03-23,Exempt,t,949167386077737744,20240905174946,75942371.7,1.0,1.4,52.33713,4.86893,2.0,1.0,1.0,1.0,289.6,1.0,135.4,1.1,783.6,65.0,16.0,75,344,1.0,4.9,4.9,4.8,4.9,5.0,5.0,4.7,1.0,1.0,0.0,0.0
4180,2024-09-06,Convenient Stay! 2 Large 1BR Aprt w/ Full Kitchens,RoomPicks,2022-10-21,within an hour,94%,84%,f,t,"Amsterdam, Noord-Holland, Netherlands",Room in hotel,Hotel room,"[""Dishes and silverware"", ""Paid parking on premises"", ""Washer"", ""Dedicated workspace"", ""Coffee maker"", ""Cooking basics"", ""Carbon monoxide alarm"", ""Hot water"", ""Smoke alarm"", ""Stove"", ""Iron"", ""Building staff"", ""Microwave"", ""Refrigerator"", ""Extra pillows and blankets"", ""Gym"", ""Oven"", ""Luggage dropoff allowed"", ""Hair dryer"", ""Self check-in"", ""Wifi"", ""Dryer"", ""Dishwasher"", ""Air conditioning"", ""Hangers"", ""Essentials"", ""Heating"", ""TV"", ""First aid kit"", ""Shampoo"", ""Fire extinguisher"", ""Kitchen"", ""Bed linens""]",t,00/00/00,00/00/00,Exempt,t,949168302521214062,20240905174946,75942371.7,1.0,1.4,52.33657595474142,4.867681092637826,4.0,1.0,2.0,1.0,289.6,1.0,135.4,1.1,806.4,65.0,10.0,67,336,0.0,4.8,4.9,4.8,4.9,4.9,4.8,4.7,1.0,1.0,0.0,0.0
4191,2024-09-06,Close to Rijksmuseum! Two Units with Full Kitchens,RoomPicks,2022-10-21,within an hour,94%,84%,f,t,"Amsterdam, Noord-Holland, Netherlands",Room in hotel,Hotel room,"[""Dishes and silverware"", ""Paid parking on premises"", ""Washer"", ""Dedicated workspace"", ""Coffee maker"", ""Cooking basics"", ""Carbon monoxide alarm"", ""Hot water"", ""Smoke alarm"", ""Stove"", ""Iron"", ""Building staff"", ""Microwave"", ""Refrigerator"", ""Extra pillows and blankets"", ""Gym"", ""Oven"", ""Luggage dropoff allowed"", ""Hair dryer"", ""Self check-in"", ""Wifi"", ""Dryer"", ""Dishwasher"", ""Air conditioning"", ""Hangers"", ""Essentials"", ""Heating"", ""TV"", ""First aid kit"", ""Shampoo"", ""Fire extinguisher"", ""Kitchen"", ""Bed linens""]",t,2024-08-04,2024-09-01,Exempt,t,949167852264211304,20240905174946,75942371.7,1.0,1.4,52.33645193009175,4.867376597424131,4.0,1.0,2.0,1.0,289.6,1.0,135.4,1.1,910.4,65.0,5.0,37,307,2.0,4.9,4.9,4.8,4.9,5.0,5.0,4.7,1.0,1.0,0.0,0.0
4192,2024-09-06,Visit Van Gogh Museum! 3 Units with Full  Kitchens,RoomPicks,2022-10-21,within an hour,94%,84%,f,t,"Amsterdam, Noord-Holland, Netherlands",Room in hotel,Hotel room,"[""Dishes and silverware"", ""Paid parking on premises"", ""Washer"", ""Dedicated workspace"", ""Coffee maker"", ""Cooking basics"", ""Carbon monoxide alarm"", ""Hot water"", ""Smoke alarm"", ""Stove"", ""Iron"", ""Building staff"", ""Microwave"", ""Refrigerator"", ""Extra pillows and blankets"", ""Gym"", ""Oven"", ""Luggage dropoff allowed"", ""Hair dryer"", ""Self check-in"", ""Wifi"", ""Dryer"", ""Dishwasher"", ""Air conditioning"", ""Hangers"", ""Essentials"", ""Heating"", ""TV"", ""First aid kit"", ""Shampoo"", ""Fire extinguisher"", ""Kitchen"", ""Bed linens""]",t,2023-11-26,2024-04-01,Exempt,t,949168651353554085,20240905174946,75942371.7,1.0,1.4,52.33696354736368,4.867011604501789,6.0,1.0,3.0,1.0,289.6,1.0,135.4,1.1,791.7,65.0,2.0,28,297,2.0,4.9,4.9,4.8,5.0,5.0,4.8,4.7,1.0,1.0,0.0,0.0
4429,2024-09-06,City Centre Boutique Deluxe Room in Monument,Mark,2015-11-15,within an hour,100%,100%,f,t,"Amsterdam, Noord-Holland, Netherlands",Room in bed and breakfast,Hotel room,"[""Air conditioning"", ""Smoke alarm"", ""Hangers"", ""Essentials"", ""Heating"", ""TV"", ""First aid kit"", ""Coffee maker"", ""Hair dryer"", ""Long term stays allowed"", ""Keypad"", ""Refrigerator"", ""Self check-in"", ""Carbon monoxide alarm"", ""Shampoo"", ""Wifi"", ""Single level home"", ""Hot water""]",t,2019-02-10,2024-08-11,0363 E7C1 8B40 218F 6D19,f,30905786,20240905174946,49078267.0,1.0,2.0,52.37317,4.88255,2.0,1.0,1.0,1.0,306.0,2.0,135.4,2.7,780.7,65.0,0.0,24,229,31.0,5.0,5.0,5.0,5.0,5.0,5.0,4.97,1.0,1.0,0.0,0.0
4438,2024-09-06,Balinese Suite with private bathroom & toilet,C.T.,2013-02-18,within an hour,100%,100%,f,t,"Amsterdam-Zuidoost, North Holland, Netherlands",Room in bed and breakfast,Hotel room,"[""Dishes and silverware"", ""Toaster"", ""Shower gel"", ""Coffee"", ""Portable fans"", ""Private patio or balcony"", ""Coffee maker"", ""Cooking basics"", ""Shared backyard"", ""Hot water"", ""Waterfront"", ""Smoke alarm"", ""Stove"", ""Mini fridge"", ""Microwave"", ""Clothing storage"", ""Refrigerator"", ""Wine glasses"", ""Lake access"", ""Free parking on premises"", ""Luggage dropoff allowed"", ""Hair dryer"", ""Keypad"", ""Self check-in"", ""Wifi"", ""Mosquito net"", ""Hot water kettle"", ""Hangers"", ""Dining table"", ""Essentials"", ""Breakfast"", ""Free street parking"", ""Heating"", ""Long term stays allowed"", ""Laundromat nearby"", ""Shampoo"", ""Kitchen"", ""Bed linens""]",t,2014-05-04,2024-08-25,Exempt,t,2647276,20240905174946,5137582.0,1.0,1.4,52.4,4.9,2.0,1.0,1.0,1.0,144.0,1.0,135.4,1.0,1125.0,65.0,17.0,75,348,13.4,4.55,4.9,4.56,4.9,5.0,4.8,4.42,1.0,1.0,0.0,0.0
4449,2024-09-06,Generator -Superior Twin,Generator,2019-03-27,within an hour,98%,99%,f,t,"Amsterdam, Noord-Holland, Netherlands",Room in hostel,Hotel room,"[""Paid parking on premises"", ""Washer"", ""Ping pong table"", ""Exterior security cameras on property"", ""Carbon monoxide alarm"", ""Hot water"", ""Smoke alarm"", ""Luggage dropoff allowed"", ""Hair dryer"", ""Elevator"", ""Wifi"", ""Dryer"", ""Air conditioning"", ""Hangers"", ""Essentials"", ""Room-darkening shades"", ""Heating"", ""Board games"", ""Long term stays allowed"", ""Bikes"", ""Shampoo"", ""Fire extinguisher"", ""Bed linens""]",t,2019-12-16,2024-02-04,Exempt,t,35632302,20240905174946,251479377.0,1.0,1.4,52.36181,4.9194,2.0,1.0,1.0,1.0,182.0,1.0,135.4,1.0,28.0,65.0,2.6,84,357,13.4,4.9,4.56,4.52,4.9,5.0,4.55,4.21,1.0,1.0,0.0,0.0
4659,2024-09-06,Deluxe King · Spacious and stylish downtown suite,The Social Hub,2023-03-02,undefined time,0%,100%,f,t,undefined,Room in boutique hotel,Hotel room,"[""Paid parking on premises"", ""Gym"", ""Essentials"", ""Luggage dropoff allowed"", ""Ethernet connection"", ""Elevator"", ""First aid kit"", ""Fire extinguisher"", ""Extra pillows and blankets"", ""Bed linens"", ""Hot water""]",t,2019-07-23,2024-03-17,Exempt,t,35394324,20240905174946,75942371.7,1.0,1.4,52.35358,4.91353,2.0,1.0,1.0,1.0,185.0,1.0,135.4,1.0,999.0,65.0,2.6,86,330,13.4,4.68,4.72,4.78,4.9,5.0,4.6,4.35,1.0,1.0,0.0,0.0
4717,2024-09-06,"Bright & comfy private room, close to Vondelpark",Marieke,2013-06-10,undefined time,0%,0%,f,t,"Amsterdam, North Holland, Netherlands",Room in bed and breakfast,Hotel room,"[""Smoke alarm"", ""Hangers"", ""Essentials"", ""Heating"", ""Coffee maker"", ""Hair dryer"", ""Carbon monoxide alarm"", ""Shampoo"", ""Wifi"", ""Bed linens"", ""Hot water""]",t,2014-09-15,2023-06-23,0363 C9AB E9F8 52F0 1DFA,t,4076501,20240905174946,6833668.0,1.0,1.0,52.35369,4.86822,2.0,1.0,1.0,1.0,158.0,1.0,365.0,2.0,365.0,65.0,5.0,41,305,13.4,4.68,4.71,4.7,4.9,5.0,4.84,4.52,1.0,1.0,0.0,0.0
4848,2024-09-05,Sleep in a Hub!,CityHub,2019-02-14,within an hour,98%,100%,t,t,"Amsterdam, Noord-Holland, Netherlands",Room in hotel,Hotel room,"[""Dishes and silverware"", ""Shower gel"", ""Rituals body soap"", ""Portable fans"", ""Coffee maker"", ""Hot water"", ""Smoke alarm"", ""Iron"", ""Building staff"", ""Microwave"", ""Refrigerator"", ""Luggage dropoff allowed"", ""Bluetooth sound system"", ""Hair dryer"", ""Self check-in"", ""Wifi"", ""Rituals shampoo"", ""Dishwasher"", ""Air conditioning"", ""Hangers"", ""Essentials"", ""Heating"", ""Laundromat nearby"", ""First aid kit"", ""Fire extinguisher"", ""Paid parking garage off premises"", ""Bed linens""]",t,2019-03-12,2024-09-05,Exempt,t,32485135,20240905174946,243087395.0,1.0,2.0,52.36798,4.86633,2.0,1.0,1.0,1.0,131.0,1.0,135.4,1.2,1000.0,65.0,2.6,87,362,13.4,4.85,4.9,4.81,4.92,4.92,4.7,4.61,1.0,1.0,0.0,0.0
5155,2024-09-06,Chinese suite with private bathroom & toilet,C.T.,2013-02-18,within an hour,100%,100%,f,t,"Amsterdam-Zuidoost, North Holland, Netherlands",Room in bed and breakfast,Hotel room,"[""Dishes and silverware"", ""Toaster"", ""Shower gel"", ""Coffee"", ""Body soap"", ""Portable fans"", ""Coffee maker"", ""Outdoor furniture"", ""Cooking basics"", ""Hot water"", ""Waterfront"", ""Smoke alarm"", ""Stove"", ""Shared patio or balcony"", ""Clothing storage: closet"", ""Microwave"", ""Refrigerator"", ""Wine glasses"", ""Lake access"", ""Free parking on premises"", ""Shared backyard \u2013 Fully fenced"", ""Oven"", ""Luggage dropoff allowed"", ""Hair dryer"", ""Keypad"", ""Self check-in"", ""Wifi"", ""Mosquito net"", ""Hot water kettle"", ""Hangers"", ""Dining table"", ""Essentials"", ""Breakfast"", ""Free street parking"", ""Heating"", ""Long term stays allowed"", ""Shampoo"", ""Fire extinguisher"", ""Kitchen"", ""Bed linens""]",t,2014-05-26,2024-08-25,Exempt,t,2647365,20240905174946,5137582.0,1.0,1.4,52.4,4.9,2.0,1.0,1.0,1.0,123.0,1.0,135.4,1.0,1125.0,65.0,2.6,80,355,13.4,4.74,4.8,4.73,4.9,5.0,4.56,4.64,1.0,1.0,0.0,0.0
5174,2024-09-06,Private island in the heart of Amsterdam,Sweets,2018-07-20,within an hour,98%,99%,f,f,"Amsterdam, Noord-Holland, Netherlands",Room in serviced apartment,Hotel room,"[""Dishes and silverware"", ""Private patio or balcony"", ""Coffee maker"", ""Outdoor furniture"", ""Paid parking off premises"", ""Cooking basics"", ""Hot water"", ""Waterfront"", ""Smoke alarm"", ""AC - split type ductless system"", ""Refrigerator"", ""Single level home"", ""Host greets you"", ""Oven"", ""Hair dryer"", ""Wifi"", ""Dishwasher"", ""Induction stove"", ""Hangers"", ""Essentials"", ""Heating"", ""Long term stays allowed"", ""First aid kit"", ""Shampoo"", ""Kitchen"", ""Bed linens""]",t,2019-10-05,2022-06-05,Exempt,t,32905830,20240905174946,203731852.0,1.0,1.4,52.36195,4.90229,2.0,1.0,1.0,1.0,289.6,1.0,135.4,1.2,7.0,65.0,2.6,83,321,2.0,5.0,5.0,5.0,5.0,5.0,5.0,4.7,1.0,1.0,0.0,0.0
5179,2024-09-06,Classic Triple  ,Heye 130,2019-02-22,undefined time,0%,100%,f,f,"Amsterdam, Noord-Holland, Netherlands",Room in boutique hotel,Hotel room,"[""Smoke alarm"", ""Hangers"", ""Essentials"", ""Heating"", ""Hair dryer"", ""Shampoo"", ""Wifi"", ""TV with standard cable"", ""Hot water""]",f,2019-09-06,2024-01-04,Exempt,f,33980766,20240905174946,244695471.0,1.0,1.4,52.36189,4.86455,3.0,1.0,1.0,1.0,289.6,1.0,135.4,1.0,99.0,65.0,0.0,0,0,13.4,4.61,4.7,4.72,4.78,5.0,4.66,4.45,1.0,1.0,0.0,0.0
5522,2024-09-06,A-location ensuite bathroom centre 'Pearl Earring',Matthijs,2012-08-16,within an hour,100%,100%,t,t,"Amsterdam, North Holland, Netherlands",Room in bed and breakfast,Hotel room,"[""Dishes and silverware"", ""Shower gel"", ""Coffee"", ""Body soap"", ""Central heating"", ""Portable fans"", ""Dedicated workspace"", ""Coffee maker"", ""Exterior security cameras on property"", ""Paid parking off premises"", ""Carbon monoxide alarm"", ""First aid kit"", ""Hot water"", ""Smoke alarm"", ""Iron"", ""Clothing storage: closet"", ""Mini fridge"", ""Free dryer \u2013 In building"", ""Refrigerator"", ""Wine glasses"", ""Extra pillows and blankets"", ""Free washer \u2013 In building"", ""Portable air conditioning"", ""Host greets you"", ""Luggage dropoff allowed"", ""Hair dryer"", ""Bikes"", ""Conditioner"", ""Wifi"", ""Mosquito net"", ""Hot water kettle"", ""Hangers"", ""Breakfast"", ""Essentials"", ""Books and reading material"", ""Long term stays allowed"", ""Laundromat nearby"", ""Room-darkening shades"", ""Shampoo"", ""Fire extinguisher"", ""Bed linens""]",t,2012-10-02,2024-08-30,0363 4587 2DC3 051C 3FCA,t,655216,20240905174946,3278419.0,1.0,3.0,52.37098,4.89434,2.0,1.0,1.0,1.0,163.0,1.0,135.4,2.0,1125.0,65.0,2.0,30,204,13.4,4.9,4.87,4.93,4.96,4.97,4.96,4.8,1.0,1.0,0.0,0.0
5947,2024-09-06,Small Room Canal View | Max Brown Canal District,Sircle,2020-10-23,undefined time,0%,100%,f,t,"Amsterdam, Noord-Holland, Netherlands",Room in boutique hotel,Hotel room,"[""Shower gel"", ""Record player"", ""Body soap"", ""Dedicated workspace"", ""Pets allowed"", ""Carbon monoxide alarm"", ""First aid kit"", ""TV with standard cable"", ""Hot water"", ""Smoke alarm"", ""Iron"", ""Sound system"", ""Cleaning products"", ""Ethernet connection"", ""Building staff"", ""Clothing storage"", ""Crib"", ""Extra pillows and blankets"", ""Coffee maker: Nespresso"", ""Safe"", ""Luggage dropoff allowed"", ""Hair dryer"", ""Self check-in"", ""Conditioner"", ""Wifi"", ""Air conditioning"", ""Hangers"", ""Essentials"", ""Heating"", ""Pack \u2019n play/Travel crib"", ""Long term stays allowed"", ""Room-darkening shades"", ""Shampoo"", ""Fire extinguisher"", ""High chair"", ""Bed linens""]",t,2021-05-16,2021-07-10,Exempt,t,48127717,20240905174946,373013820.0,1.0,1.4,52.37888,4.89217,2.0,1.0,1.0,1.0,361.0,1.0,365.0,1.0,1125.0,65.0,0.0,0,142,4.0,4.75,4.9,4.5,5.0,5.0,5.0,4.75,1.0,1.0,0.0,0.0
6195,2024-09-06,Luxurious Suite with Canal View in Heart of City,Joost,2019-01-21,within an hour,100%,100%,t,t,"Amsterdam, Netherlands",Room in bed and breakfast,Hotel room,"[""Dishes and silverware"", ""Shower gel"", ""Body soap"", ""Coffee maker"", ""Smoke alarm"", ""Smart lock"", ""Iron"", ""Refrigerator"", ""Portable air conditioning"", ""Safe"", ""Hair dryer"", ""Self check-in"", ""Conditioner"", ""Wifi"", ""Hangers"", ""Essentials"", ""Heating"", ""TV"", ""Shampoo"", ""Fire extinguisher""]",t,2019-06-30,2024-09-02,03630DFB89DFF96B201A,t,31758630,20240905174946,238122037.0,1.0,1.4,52.36903,4.88714,2.0,1.0,1.0,1.0,203.0,3.0,135.4,2.8,1125.0,65.0,1.0,17,105,13.4,4.9,4.91,4.92,4.91,4.85,4.94,4.79,1.0,1.0,0.0,0.0
6345,2024-09-05,The Room Downstairs - Free parking,Marta,2013-01-07,within an hour,100%,100%,f,t,"Amsterdam, North Holland, Netherlands",Room in bed and breakfast,Hotel room,"[""Dishes and silverware"", ""Toaster"", ""Smoking allowed"", ""Dedicated workspace"", ""Babysitter recommendations"", ""Pets allowed"", ""Coffee maker"", ""Carbon monoxide alarm"", ""Hot water"", ""Smoke alarm"", ""Smart lock"", ""Stove"", ""Iron"", ""Mini fridge"", ""Microwave"", ""Refrigerator"", ""Crib"", ""Free parking on premises"", ""Extra pillows and blankets"", ""Oven"", ""Luggage dropoff allowed"", ""Hair dryer"", ""Children\u2019s books and toys"", ""Self check-in"", ""Wifi"", ""Dryer"", ""Dishwasher"", ""Hot water kettle"", ""Hangers"", ""Essentials"", ""Backyard"", ""Free street parking"", ""Heating"", ""Children\u2019s dinnerware"", ""Pack \u2019n play/Travel crib"", ""Long term stays allowed"", ""Paid washer \u2013 In unit"", ""First aid kit"", ""Shampoo"", ""Fire extinguisher"", ""High chair"", ""Bed linens""]",t,2013-07-14,2024-08-30,03631B8D28E412E2AC80,t,1291054,20240905174946,4615590.0,1.0,1.4,52.4,4.88864,2.0,1.0,1.0,1.0,97.0,2.0,60.0,2.0,1125.0,65.0,11.0,67,329,13.4,4.51,4.58,4.5,4.75,4.8,4.8,4.47,1.0,1.0,0.0,0.0
6510,2024-09-05,SWEETS hotel Van Hallbrug,Sweets,2018-07-20,within an hour,98%,99%,f,f,"Amsterdam, Noord-Holland, Netherlands",Room in serviced apartment,Hotel room,"[""Dishes and silverware"", ""Shower gel"", ""Coffee"", ""Paid parking off premises"", ""Hot water"", ""Waterfront"", ""Smoke alarm"", ""AC - split type ductless system"", ""Smart lock"", ""Refrigerator"", ""Hair dryer"", ""Self check-in"", ""Wifi"", ""Hangers"", ""Essentials"", ""Heating"", ""Long term stays allowed"", ""First aid kit"", ""Shampoo"", ""Bed linens""]",t,2019-07-11,2024-08-29,Exempt,t,35326837,20240905174946,203731852.0,1.0,1.4,52.37883,4.873,2.0,1.0,1.0,1.0,165.0,1.0,135.4,1.2,7.0,65.0,1.0,34,273,43.0,4.86,4.81,4.81,4.93,5.0,4.77,4.51,1.0,1.0,0.0,0.0
6740,2024-09-06,Yurt with private bath & toilet house,C.T.,2013-02-18,within an hour,100%,100%,f,t,"Amsterdam Zuidoost, North Holland, Netherlands",Room in bed and breakfast,Hotel room,"[""Dishes and silverware"", ""Shower gel"", ""Coffee"", ""Portable fans"", ""Coffee maker"", ""Outdoor furniture"", ""Hot water"", ""Waterfront"", ""Smoke alarm"", ""Shared patio or balcony"", ""Mini fridge"", ""Refrigerator"", ""Wine glasses"", ""Lake access"", ""Free parking on premises"", ""Single level home"", ""Shared backyard \u2013 Fully fenced"", ""Luggage dropoff allowed"", ""Keypad"", ""Indoor fireplace"", ""Self check-in"", ""Wifi"", ""Mosquito net"", ""Outdoor shower"", ""Hot water kettle"", ""Dining table"", ""Breakfast"", ""Essentials"", ""Free street parking"", ""Heating"", ""Long term stays allowed"", ""Outdoor dining area"", ""Laundromat nearby"", ""Shampoo"", ""Bed linens""]",t,2015-04-04,2024-08-24,Exempt,t,4459764,20240905174946,5137582.0,1.0,1.4,52.4,4.9,2.0,1.0,1.0,1.0,123.0,1.0,28.0,1.0,28.0,65.0,2.6,77,352,13.4,4.57,4.56,4.56,4.9,5.0,4.38,4.47,1.0,1.0,0.0,0.0
7574,2024-09-06,Relax in Luxury: Near Town Center and Cycling Tour,RoomPicks,2022-10-21,within an hour,94%,84%,f,t,"Amsterdam, Noord-Holland, Netherlands",Room in hotel,Hotel room,"[""Dishes and silverware"", ""Paid parking on premises"", ""Washer"", ""Dedicated workspace"", ""Coffee maker"", ""Cooking basics"", ""Carbon monoxide alarm"", ""Hot water"", ""Smoke alarm"", ""Stove"", ""Iron"", ""Building staff"", ""Microwave"", ""Refrigerator"", ""Extra pillows and blankets"", ""Gym"", ""Oven"", ""Luggage dropoff allowed"", ""Hair dryer"", ""Self check-in"", ""Wifi"", ""Dryer"", ""Dishwasher"", ""Air conditioning"", ""Hangers"", ""Essentials"", ""Heating"", ""TV"", ""First aid kit"", ""Shampoo"", ""Fire extinguisher"", ""Kitchen"", ""Bed linens""]",t,00/00/00,00/00/00,Exempt,t,949167157015767087,20240905174946,75942371.7,1.0,1.4,52.33773729323882,4.869156835956863,2.0,1.0,1.0,1.0,289.6,1.0,135.4,1.1,783.6,65.0,16.0,75,344,0.0,4.8,4.9,4.8,4.9,4.9,4.8,4.7,1.0,1.0,0.0,0.0
7695,2024-09-06,RoomWest Double with ensuite bathroom,RoomWest,2019-08-01,within an hour,100%,98%,f,t,"Amsterdam, North Holland, Netherlands",Room in bed and breakfast,Hotel room,"[""Shower gel"", ""Hangers"", ""Smoke alarm"", ""Essentials"", ""Smart lock"", ""Body soap"", ""Heating"", ""TV"", ""Dedicated workspace"", ""Hair dryer"", ""Exterior security cameras on property"", ""Refrigerator"", ""Self check-in"", ""Carbon monoxide alarm"", ""Shampoo"", ""Wifi"", ""Bed linens"", ""Hot water""]",t,2019-08-12,2024-08-13,0363 3C78 0B3D BA3E 35B7,f,37493556,20240905174946,281337057.0,1.0,2.0,52.37182,4.87157,2.0,1.0,1.0,1.0,155.0,2.0,28.0,2.1,28.0,65.0,12.0,64,79,13.4,4.71,4.78,4.71,4.84,4.95,4.84,4.51,1.0,1.0,0.0,0.0
7966,2024-09-05,Executive Single · Modern light and spacious room,The Social Hub,2023-03-02,undefined time,0%,100%,f,t,undefined,Room in boutique hotel,Hotel room,"[""Paid parking on premises"", ""Gym"", ""Essentials"", ""Luggage dropoff allowed"", ""Elevator"", ""First aid kit"", ""Fire extinguisher"", ""Extra pillows and blankets"", ""Bed linens"", ""Hot water""]",t,2021-07-04,2022-07-22,Exempt,t,36863220,20240905174946,75942371.7,1.0,1.4,52.35389,4.91425,1.0,1.0,1.0,1.0,157.0,1.0,135.4,1.0,999.0,65.0,10.0,10,205,4.0,4.5,4.75,5.0,5.0,5.0,4.5,4.7,1.0,1.0,0.0,0.0
8034,2024-09-06,Rinsie’s two bedroom condo comfy & tidy,Ramon & Rinske,2014-03-15,within an hour,100%,99%,t,t,"Amsterdam, Noord-Holland, Netherlands",Room in bed and breakfast,Hotel room,"[""Dishes and silverware"", ""Private patio or balcony"", ""Coffee maker"", ""Paid parking off premises"", ""Cooking basics"", ""Carbon monoxide alarm"", ""Hot water"", ""Smoke alarm"", ""Stove"", ""Iron"", ""Refrigerator"", ""Oven"", ""Luggage dropoff allowed"", ""Hair dryer"", ""Wifi"", ""Dishwasher"", ""Hangers"", ""Essentials"", ""Heating"", ""Pack \u2019n play/Travel crib"", ""Long term stays allowed"", ""Room-darkening shades"", ""Shampoo"", ""Bed linens""]",t,2019-06-02,2024-08-30,0363 B25D 05A1 EAEE 6ED4,f,34087777,20240905174946,13142543.0,1.0,1.0,52.34543,4.86498,4.0,1.0,2.0,2.0,218.0,1.0,135.4,1.3,1125.0,65.0,3.0,35,189,13.4,4.86,4.92,4.81,4.95,4.93,4.82,4.68,1.0,1.0,0.0,0.0
8227,2024-09-05,SWEETS hotel Kortjewantsbrug,Sweets,2018-07-20,within an hour,98%,99%,f,f,"Amsterdam, Noord-Holland, Netherlands",Room in serviced apartment,Hotel room,"[""Dishes and silverware"", ""Dedicated workspace"", ""Coffee maker"", ""Paid parking off premises"", ""Waterfront"", ""Smoke alarm"", ""Smart lock"", ""Refrigerator"", ""Lake access"", ""Portable air conditioning"", ""Hair dryer"", ""Self check-in"", ""Wifi"", ""Hangers"", ""Essentials"", ""Heating"", ""First aid kit"", ""Shampoo"", ""Bed linens""]",t,2019-08-19,2024-08-16,Exempt,t,36865363,20240905174946,203731852.0,1.0,1.4,52.37115,4.91322,2.0,1.0,1.0,1.0,242.0,1.0,135.4,1.2,7.0,65.0,4.0,38,273,26.0,4.85,4.92,5.0,4.81,4.81,5.0,4.46,1.0,1.0,0.0,0.0
8310,2024-09-05,Romantic Panorama Suite; Mandelahuisje,Ilco,2017-02-06,within a day,50%,100%,f,t,"Amsterdam, Noord-Holland, Netherlands",Room in bed and breakfast,Hotel room,"[""Coffee maker"", ""Carbon monoxide alarm"", ""Hot water"", ""Smoke alarm"", ""Refrigerator"", ""Single level home"", ""Bathtub"", ""Hair dryer"", ""Wifi"", ""Hangers"", ""Breakfast"", ""Essentials"", ""Backyard"", ""Heating"", ""TV"", ""Long term stays allowed"", ""First aid kit"", ""Shampoo"", ""Fire extinguisher"", ""Bed linens""]",t,2017-04-11,2024-08-09,Exempt,t,17519995,20240905174946,115128469.0,1.0,2.0,52.38027,4.9051,2.0,1.0,0.0,1.0,324.0,1.0,135.4,1.0,1125.0,65.0,12.0,44,293,45.0,4.89,4.84,4.76,4.84,5.0,4.91,4.58,1.0,1.0,0.0,0.0
8392,2024-09-05,SWEETS hotel Kattenslootbrug,Sweets,2018-07-20,within an hour,98%,99%,f,f,"Amsterdam, Netherlands",Room in serviced apartment,Hotel room,"[""Dishes and silverware"", ""Coffee"", ""Paid parking off premises"", ""Hot water"", ""Waterfront"", ""Smoke alarm"", ""Smart lock"", ""Refrigerator"", ""Single level home"", ""Portable air conditioning"", ""Hair dryer"", ""Self check-in"", ""Wifi"", ""Hangers"", ""Essentials"", ""Heating"", ""Long term stays allowed"", ""First aid kit"", ""Shampoo"", ""Bed linens""]",t,2018-09-25,2024-08-09,Exempt,t,27711659,20240905174946,203731852.0,1.0,1.4,52.3818,4.87934,2.0,1.0,1.0,1.0,168.0,2.0,135.4,1.2,7.0,65.0,1.0,32,271,13.4,4.73,4.82,4.88,4.92,4.87,4.64,4.53,1.0,1.0,0.0,0.0
8404,2024-09-05,SWEETS hotel Scharrebiersluis,Sweets,2018-07-20,within an hour,98%,99%,f,f,"Amsterdam, Netherlands",Room in serviced apartment,Hotel room,"[""Dishes and silverware"", ""Shower gel"", ""Coffee"", ""Dedicated workspace"", ""Paid parking off premises"", ""Hot water"", ""Waterfront"", ""Smoke alarm"", ""AC - split type ductless system"", ""Smart lock"", ""Refrigerator"", ""Single level home"", ""Luggage dropoff allowed"", ""Hair dryer"", ""Self check-in"", ""Wifi"", ""Hangers"", ""Essentials"", ""Heating"", ""Long term stays allowed"", ""First aid kit"", ""Shampoo"", ""Bed linens""]",t,2018-10-20,2024-03-20,Exempt,t,27711181,20240905174946,203731852.0,1.0,1.4,52.37031,4.91141,2.0,1.0,1.0,1.0,207.0,1.0,135.4,1.2,7.0,65.0,7.0,53,289,29.0,4.76,4.79,4.9,4.83,4.9,4.76,4.38,1.0,1.0,0.0,0.0
9117,2024-09-05,The Rooms Up & Downstairs - Free parking,Marta,2013-01-07,within an hour,100%,100%,f,t,"Amsterdam, Noord-Holland, Netherlands",Room in bed and breakfast,Hotel room,"[""Dishes and silverware"", ""Toaster"", ""Shower gel"", ""Smoking allowed"", ""Body soap"", ""Dedicated workspace"", ""Babysitter recommendations"", ""Pets allowed"", ""Coffee maker"", ""Patio or balcony"", ""Outdoor furniture"", ""Carbon monoxide alarm"", ""TV with standard cable"", ""Hot water"", ""Smoke alarm"", ""Smart lock"", ""Iron"", ""Mini fridge"", ""Microwave"", ""Refrigerator"", ""Crib"", ""Wine glasses"", ""Bathtub"", ""Extra pillows and blankets"", ""Free parking on premises"", ""Paid washer"", ""Luggage dropoff allowed"", ""Hair dryer"", ""Children\u2019s books and toys"", ""Self check-in"", ""Wifi"", ""Dishwasher"", ""Hot water kettle"", ""Hangers"", ""Essentials"", ""Backyard"", ""Free street parking"", ""Heating"", ""Children\u2019s dinnerware"", ""Pack \u2019n play/Travel crib"", ""Paid dryer"", ""Long term stays allowed"", ""First aid kit"", ""Shampoo"", ""Fire extinguisher"", ""High chair"", ""Bed linens""]",t,2017-07-27,2024-08-18,0363 1B8D 28E4 12E2 AC80,t,17643789,20240905174946,4615590.0,1.0,1.4,52.4,4.88681,4.0,1.0,2.0,1.3,216.0,2.0,60.0,2.0,1125.0,65.0,1.0,56,318,14.0,4.9,4.9,4.43,4.9,5.0,4.8,4.21,1.0,1.0,0.0,0.0
